-- phpMyAdmin SQL Dump
-- version 5.0.4
-- https://www.phpmyadmin.net/
--
-- Máy chủ: 127.0.0.1
-- Thời gian đã tạo: Th2 16, 2021 lúc 07:07 AM
-- Phiên bản máy phục vụ: 10.4.17-MariaDB
-- Phiên bản PHP: 8.0.1

SET SQL_MODE = "NO_AUTO_VALUE_ON_ZERO";
START TRANSACTION;
SET time_zone = "+00:00";


/*!40101 SET @OLD_CHARACTER_SET_CLIENT=@@CHARACTER_SET_CLIENT */;
/*!40101 SET @OLD_CHARACTER_SET_RESULTS=@@CHARACTER_SET_RESULTS */;
/*!40101 SET @OLD_COLLATION_CONNECTION=@@COLLATION_CONNECTION */;
/*!40101 SET NAMES utf8mb4 */;

--
-- Cơ sở dữ liệu: `qltv`
--

-- --------------------------------------------------------

--
-- Cấu trúc bảng cho bảng `account`
--

CREATE TABLE `account` (
  `id` int(11) UNSIGNED NOT NULL,
  `username` varchar(50) DEFAULT NULL,
  `password` varchar(100) DEFAULT NULL,
  `name` varchar(50) DEFAULT NULL,
  `email` varchar(100) DEFAULT NULL,
  `phone` char(11) DEFAULT NULL,
  `role_id` int(11) DEFAULT NULL,
  `isBlock` int(11) NOT NULL,
  `created_at` datetime DEFAULT NULL,
  `updated_at` datetime DEFAULT NULL
) ENGINE=InnoDB DEFAULT CHARSET=utf8mb4;

--
-- Đang đổ dữ liệu cho bảng `account`
--

INSERT INTO `account` (`id`, `username`, `password`, `name`, `email`, `phone`, `role_id`, `isBlock`, `created_at`, `updated_at`) VALUES
(1, 'user1', '202cb962ac59075b964b07152d234b70', '', '', '', 1, 0, '0000-00-00 00:00:00', '0000-00-00 00:00:00'),
(2, 'user2', '202cb962ac59075b964b07152d234b70', '', '', '', 2, 0, '0000-00-00 00:00:00', '0000-00-00 00:00:00'),
(3, 'user3', '202cb962ac59075b964b07152d234b70', '', '', '', 6, 0, '0000-00-00 00:00:00', '0000-00-00 00:00:00'),
(4, 'user4', '202cb962ac59075b964b07152d234b70', '', '', '', 1, 0, '0000-00-00 00:00:00', '0000-00-00 00:00:00'),
(5, 'user5', '202cb962ac59075b964b07152d234b70', '', '', '', 6, 0, '0000-00-00 00:00:00', '0000-00-00 00:00:00'),
(6, 'user6', '202cb962ac59075b964b07152d234b70', '', '', '', 6, 0, '0000-00-00 00:00:00', '0000-00-00 00:00:00'),
(7, 'user7', '202cb962ac59075b964b07152d234b70', '', '', '', 3, 0, '0000-00-00 00:00:00', '0000-00-00 00:00:00'),
(8, 'user8', '202cb962ac59075b964b07152d234b70', '', '', '', 6, 0, '0000-00-00 00:00:00', '0000-00-00 00:00:00'),
(9, 'user9', '202cb962ac59075b964b07152d234b70', '', '', '', 5, 0, '0000-00-00 00:00:00', '0000-00-00 00:00:00'),
(10, 'user10', '202cb962ac59075b964b07152d234b70', '', '', '', 6, 0, '0000-00-00 00:00:00', '0000-00-00 00:00:00'),
(11, 'user11', '202cb962ac59075b964b07152d234b70', '', '', '', 3, 0, '0000-00-00 00:00:00', '0000-00-00 00:00:00'),
(12, 'user12', '202cb962ac59075b964b07152d234b70', '', '', '', 4, 0, '0000-00-00 00:00:00', '0000-00-00 00:00:00'),
(13, 'user13', '202cb962ac59075b964b07152d234b70', '', '', '', 1, 0, '0000-00-00 00:00:00', '0000-00-00 00:00:00'),
(30, 'test20', '202cb962ac59075b964b07152d234b70', 'test', 'test', 'test', 5, 0, '2021-01-23 03:44:24', '0000-00-00 00:00:00'),
(33, 'test11111', '202cb962ac59075b964b07152d234b70', 'test', 'test', 'test', 1, 0, '2021-01-23 04:15:49', '2021-01-23 04:15:49');

-- --------------------------------------------------------

--
-- Cấu trúc bảng cho bảng `book_title`
--

CREATE TABLE `book_title` (
  `id` int(11) UNSIGNED NOT NULL,
  `name` varchar(200) DEFAULT NULL,
  `author` varchar(50) DEFAULT NULL,
  `quantity` int(11) DEFAULT NULL,
  `category_id` int(11) DEFAULT NULL,
  `image` varchar(100) DEFAULT NULL,
  `description` text CHARACTER SET utf8 COLLATE utf8_unicode_ci NOT NULL,
  `created_at` datetime DEFAULT NULL,
  `updated_at` datetime DEFAULT NULL,
  `view` int(11) NOT NULL,
  fulltext (`name`, `author`)
) ENGINE=InnoDB DEFAULT CHARSET=utf8mb4;

--
-- Đang đổ dữ liệu cho bảng `book_title`
--

INSERT INTO `book_title` (`id`, `name`, `author`, `quantity`, `category_id`, `description`, `created_at`, `updated_at`, `view`) VALUES
(1, 'Title 1', 'Author A', 3, 1, 'Sách test 1', '0000-00-00 00:00:00', '0000-00-00 00:00:00', 0),
(2, 'Title 2', 'Author B', 3, 2, 'Sách test 2', '0000-00-00 00:00:00', '0000-00-00 00:00:00', 19),
(3, 'Title 3', 'Author C', 3, 3, 'Sách test 3', '0000-00-00 00:00:00', '0000-00-00 00:00:00', 0),
(4, 'Title 4', 'Author D', 92, 3, 'Sách test 4 ', '0000-00-00 00:00:00', '0000-00-00 00:00:00', 0),
(5, 'Title 5', 'Author E', 93, 5, 'Sách test 5', '0000-00-00 00:00:00', '0000-00-00 00:00:00', 0),
(6, 'Title 6', 'Author F', 1, 5, 'Sách test 6', '0000-00-00 00:00:00', '0000-00-00 00:00:00', 0),
(7, 'Title 7', 'Author G', 2, 7, 'Sách test 7 ', '0000-00-00 00:00:00', '0000-00-00 00:00:00', 0),
(8, 'Title 8', 'Author H', 3, 7, 'Sách test 8', '0000-00-00 00:00:00', '0000-00-00 00:00:00', 0),
(9, 'test', '', 0, 0, '', '0000-00-00 00:00:00', '0000-00-00 00:00:00', 0),
(10, 'test', '', 0, 0, '', '0000-00-00 00:00:00', '0000-00-00 00:00:00', 0),
(11, 'test', '', 0, 0, '', '0000-00-00 00:00:00', '0000-00-00 00:00:00', 0),
(12, 'test', '', 0, 0, '', '0000-00-00 00:00:00', '0000-00-00 00:00:00', 0),
(13, 'test', '', 0, 0, '', '0000-00-00 00:00:00', '0000-00-00 00:00:00', 0),
(14, 'test', '', 0, 0, '', '0000-00-00 00:00:00', '0000-00-00 00:00:00', 0),
(15, 'test', '', 0, 0, '', '0000-00-00 00:00:00', '0000-00-00 00:00:00', 0),
(16, 'test', '', 0, 0, '', '0000-00-00 00:00:00', '0000-00-00 00:00:00', 0),
(17, 'test', '', 0, 0, '', '0000-00-00 00:00:00', '0000-00-00 00:00:00', 0),
(18, 'test', '', 0, 0, '', '0000-00-00 00:00:00', '0000-00-00 00:00:00', 0),
(19, 'test', '', 0, 0, '', '0000-00-00 00:00:00', '0000-00-00 00:00:00', 0),
(20, 'test', '', 0, 0, '', '0000-00-00 00:00:00', '0000-00-00 00:00:00', 0),
(21, 'test', '', 0, 0, '', '0000-00-00 00:00:00', '0000-00-00 00:00:00', 0),
(22, 'test', '', 0, 0, '', '0000-00-00 00:00:00', '0000-00-00 00:00:00', 0),
(23, 'test', '', 0, 0, '', '0000-00-00 00:00:00', '0000-00-00 00:00:00', 0),
(24, 'test', '', 0, 0, '', '0000-00-00 00:00:00', '0000-00-00 00:00:00', 0),
(26, 'test', '', 0, 0, '', '0000-00-00 00:00:00', '0000-00-00 00:00:00', 0),
(27, 'test', '', 0, 0, '', '0000-00-00 00:00:00', '0000-00-00 00:00:00', 0),
(28, 'test', '', 0, 0, '', '0000-00-00 00:00:00', '0000-00-00 00:00:00', 0),
(29, 'test', '', 0, 0, '', '0000-00-00 00:00:00', '0000-00-00 00:00:00', 0),
(30, 'test', '', 0, 0, '', '0000-00-00 00:00:00', '0000-00-00 00:00:00', 0),
(31, 'test', '', 0, 0, '', '0000-00-00 00:00:00', '0000-00-00 00:00:00', 0),
(32, 'test', '', 0, 0, '', '0000-00-00 00:00:00', '0000-00-00 00:00:00', 0),
(33, 'test', '', 0, 0, '', '0000-00-00 00:00:00', '0000-00-00 00:00:00', 0),
(34, 'test', '', 0, 0, '', '0000-00-00 00:00:00', '0000-00-00 00:00:00', 0),
(35, 'test', '', 0, 0, '', '0000-00-00 00:00:00', '0000-00-00 00:00:00', 0),
(36, 'test', '', 0, 0, '', '0000-00-00 00:00:00', '0000-00-00 00:00:00', 0),
(37, 'test', '', 0, 0, '', '0000-00-00 00:00:00', '0000-00-00 00:00:00', 0),
(38, 'test', '', 0, 0, '', '0000-00-00 00:00:00', '0000-00-00 00:00:00', 0),
(39, 'test', '', 0, 0, '', '0000-00-00 00:00:00', '0000-00-00 00:00:00', 0),
(40, 'test', '', 0, 0, '', '0000-00-00 00:00:00', '0000-00-00 00:00:00', 0),
(41, 'test', '', 0, 0, '', '0000-00-00 00:00:00', '0000-00-00 00:00:00', 0),
(42, 'test', '', 0, 0, '', '0000-00-00 00:00:00', '0000-00-00 00:00:00', 0),
(43, 'test', '', 0, 0, '', '0000-00-00 00:00:00', '0000-00-00 00:00:00', 0),
(44, 'test', '', 0, 0, '', '0000-00-00 00:00:00', '0000-00-00 00:00:00', 0),
(45, 'test', '', 0, 0, '', '0000-00-00 00:00:00', '0000-00-00 00:00:00', 0),
(46, 'test', '', 0, 0, '', '0000-00-00 00:00:00', '0000-00-00 00:00:00', 0),
(47, 'test', '', 0, 0, '', '0000-00-00 00:00:00', '0000-00-00 00:00:00', 0),
(48, 'test', '', 0, 0, '', '0000-00-00 00:00:00', '0000-00-00 00:00:00', 0),
(49, 'test', '', 0, 0, '', '0000-00-00 00:00:00', '0000-00-00 00:00:00', 0),
(50, 'test', '', 0, 0, '', '0000-00-00 00:00:00', '0000-00-00 00:00:00', 0),
(51, 'test', '', 0, 0, '', '0000-00-00 00:00:00', '0000-00-00 00:00:00', 0),
(52, 'test', '', 0, 0, '', '0000-00-00 00:00:00', '0000-00-00 00:00:00', 0),
(53, 'test', '', 0, 0, '', '0000-00-00 00:00:00', '0000-00-00 00:00:00', 0),
(54, 'test', '', 0, 0, '', '0000-00-00 00:00:00', '0000-00-00 00:00:00', 0),
(55, 'test', '', 0, 0, '', '0000-00-00 00:00:00', '0000-00-00 00:00:00', 0),
(56, 'test', '', 0, 0, '', '0000-00-00 00:00:00', '0000-00-00 00:00:00', 0),
(57, 'test', '', 0, 0, '', '0000-00-00 00:00:00', '0000-00-00 00:00:00', 0),
(58, 'test', '', 0, 0, '', '0000-00-00 00:00:00', '0000-00-00 00:00:00', 0),
(59, 'test', '', 0, 0, '', '0000-00-00 00:00:00', '0000-00-00 00:00:00', 0),
(60, 'test', '', 0, 0, '', '0000-00-00 00:00:00', '0000-00-00 00:00:00', 0),
(61, 'test', '', 0, 0, '', '0000-00-00 00:00:00', '0000-00-00 00:00:00', 0),
(62, 'test', '', 0, 0, '', '0000-00-00 00:00:00', '0000-00-00 00:00:00', 0),
(63, 'test', '', 0, 0, '', '0000-00-00 00:00:00', '0000-00-00 00:00:00', 0),
(64, 'test', '', 0, 0, '', '0000-00-00 00:00:00', '0000-00-00 00:00:00', 0),
(65, 'test', '', 0, 0, '', '0000-00-00 00:00:00', '0000-00-00 00:00:00', 0),
(66, 'test', '', 0, 0, '', '0000-00-00 00:00:00', '0000-00-00 00:00:00', 0),
(67, 'test', '', 0, 0, '', '0000-00-00 00:00:00', '0000-00-00 00:00:00', 0),
(68, 'test', '', 0, 0, '', '0000-00-00 00:00:00', '0000-00-00 00:00:00', 0),
(69, 'test', '', 0, 0, '', '0000-00-00 00:00:00', '0000-00-00 00:00:00', 0),
(70, 'test', '', 0, 0, '', '0000-00-00 00:00:00', '0000-00-00 00:00:00', 0),
(71, 'test', '', 0, 0, '', '0000-00-00 00:00:00', '0000-00-00 00:00:00', 0),
(72, 'test', '', 0, 0, '', '0000-00-00 00:00:00', '0000-00-00 00:00:00', 0),
(73, 'test', '', 0, 0, '', '0000-00-00 00:00:00', '0000-00-00 00:00:00', 0),
(74, 'test', '', 0, 0, '', '0000-00-00 00:00:00', '0000-00-00 00:00:00', 0),
(75, 'test', '', 0, 0, '', '0000-00-00 00:00:00', '0000-00-00 00:00:00', 0),
(76, 'test', '', 0, 0, '', '0000-00-00 00:00:00', '0000-00-00 00:00:00', 0),
(77, 'test', '', 0, 0, '', '0000-00-00 00:00:00', '0000-00-00 00:00:00', 0),
(78, 'test', '', 0, 0, '', '0000-00-00 00:00:00', '0000-00-00 00:00:00', 0),
(79, 'test', '', 0, 0, '', '0000-00-00 00:00:00', '0000-00-00 00:00:00', 0),
(80, 'test', '', 0, 0, '', '0000-00-00 00:00:00', '0000-00-00 00:00:00', 0),
(81, 'test', '', 0, 0, '', '0000-00-00 00:00:00', '0000-00-00 00:00:00', 0),
(82, 'test', '', 0, 0, '', '0000-00-00 00:00:00', '0000-00-00 00:00:00', 0),
(83, 'test', '', 0, 0, '', '0000-00-00 00:00:00', '0000-00-00 00:00:00', 0),
(84, 'test', '', 0, 0, '', '0000-00-00 00:00:00', '0000-00-00 00:00:00', 0),
(85, 'test', '', 0, 0, '', '0000-00-00 00:00:00', '0000-00-00 00:00:00', 0),
(86, 'test', '', 0, 0, '', '0000-00-00 00:00:00', '0000-00-00 00:00:00', 0),
(87, 'test', '', 0, 0, '', '0000-00-00 00:00:00', '0000-00-00 00:00:00', 0),
(88, 'test', '', 0, 0, '', '0000-00-00 00:00:00', '0000-00-00 00:00:00', 0),
(89, 'test', '', 0, 0, '', '0000-00-00 00:00:00', '0000-00-00 00:00:00', 0),
(90, 'test', '', 0, 0, '', '0000-00-00 00:00:00', '0000-00-00 00:00:00', 0),
(91, 'test', '', 0, 0, '', '0000-00-00 00:00:00', '0000-00-00 00:00:00', 0),
(92, 'test', '', 0, 0, '', '0000-00-00 00:00:00', '0000-00-00 00:00:00', 0),
(93, 'test', '', 0, 0, '', '0000-00-00 00:00:00', '0000-00-00 00:00:00', 0),
(94, 'test', '', 0, 0, '', '0000-00-00 00:00:00', '0000-00-00 00:00:00', 0),
(95, 'test', '', 0, 0, '', '0000-00-00 00:00:00', '0000-00-00 00:00:00', 0),
(96, 'test', '', 0, 0, '', '0000-00-00 00:00:00', '0000-00-00 00:00:00', 0),
(97, 'test', '', 0, 0, '', '0000-00-00 00:00:00', '0000-00-00 00:00:00', 0),
(98, 'test', '', 0, 0, '', '0000-00-00 00:00:00', '0000-00-00 00:00:00', 0),
(99, 'test', '', 0, 0, '', '0000-00-00 00:00:00', '0000-00-00 00:00:00', 0),
(100, 'test', '', 0, 0, '', '0000-00-00 00:00:00', '0000-00-00 00:00:00', 0),
(101, 'test', '', 0, 0, '', '0000-00-00 00:00:00', '0000-00-00 00:00:00', 0),
(102, 'test', '', 0, 0, '', '0000-00-00 00:00:00', '0000-00-00 00:00:00', 0),
(103, 'test', '', 0, 0, '', '0000-00-00 00:00:00', '0000-00-00 00:00:00', 0),
(104, 'test', '', 0, 0, '', '0000-00-00 00:00:00', '0000-00-00 00:00:00', 0),
(105, 'test', '', 0, 0, '', '0000-00-00 00:00:00', '0000-00-00 00:00:00', 0),
(106, 'test', '', 0, 0, '', '0000-00-00 00:00:00', '0000-00-00 00:00:00', 0),
(107, 'test', '', 0, 0, '', '0000-00-00 00:00:00', '0000-00-00 00:00:00', 0),
(108, 'test', '', 0, 0, '', '0000-00-00 00:00:00', '0000-00-00 00:00:00', 0),
(109, 'test', '', 0, 0, '', '0000-00-00 00:00:00', '0000-00-00 00:00:00', 0),
(110, 'test', '', 0, 0, '', '0000-00-00 00:00:00', '0000-00-00 00:00:00', 0),
(111, 'test', '', 0, 0, '', '0000-00-00 00:00:00', '0000-00-00 00:00:00', 0),
(112, 'test', '', 0, 0, '', '0000-00-00 00:00:00', '0000-00-00 00:00:00', 0),
(113, 'test', '', 0, 0, '', '0000-00-00 00:00:00', '0000-00-00 00:00:00', 0),
(114, 'test', '', 0, 0, '', '0000-00-00 00:00:00', '0000-00-00 00:00:00', 0),
(115, 'test', '', 0, 0, '', '0000-00-00 00:00:00', '0000-00-00 00:00:00', 0),
(116, 'test', '', 0, 0, '', '0000-00-00 00:00:00', '0000-00-00 00:00:00', 0),
(117, 'test', '', 0, 0, '', '0000-00-00 00:00:00', '0000-00-00 00:00:00', 0),
(118, 'test', '', 0, 0, '', '0000-00-00 00:00:00', '0000-00-00 00:00:00', 0),
(119, 'test', '', 0, 0, '', '0000-00-00 00:00:00', '0000-00-00 00:00:00', 0),
(120, 'test', '', 0, 0, '', '0000-00-00 00:00:00', '0000-00-00 00:00:00', 0),
(121, 'test', '', 0, 0, '', '0000-00-00 00:00:00', '0000-00-00 00:00:00', 0),
(122, 'test', '', 0, 0, '', '0000-00-00 00:00:00', '0000-00-00 00:00:00', 0),
(123, 'test', '', 0, 0, '', '0000-00-00 00:00:00', '0000-00-00 00:00:00', 0),
(124, 'test', '', 0, 0, '', '0000-00-00 00:00:00', '0000-00-00 00:00:00', 0),
(125, 'test', '', 0, 0, '', '0000-00-00 00:00:00', '0000-00-00 00:00:00', 0),
(126, 'test', '', 0, 0, '', '0000-00-00 00:00:00', '0000-00-00 00:00:00', 0),
(127, 'test', '', 0, 0, '', '0000-00-00 00:00:00', '0000-00-00 00:00:00', 0),
(128, 'test', '', 0, 0, '', '0000-00-00 00:00:00', '0000-00-00 00:00:00', 0),
(129, 'test', '', 0, 0, '', '0000-00-00 00:00:00', '0000-00-00 00:00:00', 0),
(130, 'test', '', 0, 0, '', '0000-00-00 00:00:00', '0000-00-00 00:00:00', 0),
(131, 'test', '', 0, 0, '', '0000-00-00 00:00:00', '0000-00-00 00:00:00', 0),
(132, 'test', '', 0, 0, '', '0000-00-00 00:00:00', '0000-00-00 00:00:00', 0),
(133, 'test', '', 0, 0, '', '0000-00-00 00:00:00', '0000-00-00 00:00:00', 0),
(134, 'test', '', 0, 0, '', '0000-00-00 00:00:00', '0000-00-00 00:00:00', 0),
(135, 'test', '', 0, 0, '', '0000-00-00 00:00:00', '0000-00-00 00:00:00', 0),
(136, 'test', '', 0, 0, '', '0000-00-00 00:00:00', '0000-00-00 00:00:00', 0),
(137, 'test', '', 0, 0, '', '0000-00-00 00:00:00', '0000-00-00 00:00:00', 0),
(138, 'test', '', 0, 0, '', '0000-00-00 00:00:00', '0000-00-00 00:00:00', 0),
(139, 'test', '', 0, 0, '', '0000-00-00 00:00:00', '0000-00-00 00:00:00', 0),
(140, 'test', '', 0, 0, '', '0000-00-00 00:00:00', '0000-00-00 00:00:00', 0),
(141, 'test', '', 0, 0, '', '0000-00-00 00:00:00', '0000-00-00 00:00:00', 0),
(142, 'test', '', 0, 0, '', '0000-00-00 00:00:00', '0000-00-00 00:00:00', 0),
(143, 'test', '', 0, 0, '', '0000-00-00 00:00:00', '0000-00-00 00:00:00', 0),
(144, 'test', '', 0, 0, '', '0000-00-00 00:00:00', '0000-00-00 00:00:00', 0),
(145, 'test', '', 0, 0, '', '0000-00-00 00:00:00', '0000-00-00 00:00:00', 0),
(146, 'test', '', 0, 0, '', '0000-00-00 00:00:00', '0000-00-00 00:00:00', 0),
(147, 'test', '', 0, 0, '', '0000-00-00 00:00:00', '0000-00-00 00:00:00', 0),
(148, 'test', '', 0, 0, '', '0000-00-00 00:00:00', '0000-00-00 00:00:00', 0),
(149, 'test', '', 0, 0, '', '0000-00-00 00:00:00', '0000-00-00 00:00:00', 0),
(150, 'test', '', 0, 0, '', '0000-00-00 00:00:00', '0000-00-00 00:00:00', 0),
(151, 'test', '', 0, 0, '', '0000-00-00 00:00:00', '0000-00-00 00:00:00', 0),
(152, 'test', '', 0, 0, '', '0000-00-00 00:00:00', '0000-00-00 00:00:00', 0),
(153, 'test', '', 0, 0, '', '0000-00-00 00:00:00', '0000-00-00 00:00:00', 0),
(154, 'test', '', 0, 0, '', '0000-00-00 00:00:00', '0000-00-00 00:00:00', 0),
(155, 'test', '', 0, 0, '', '0000-00-00 00:00:00', '0000-00-00 00:00:00', 0),
(156, 'test', '', 0, 0, '', '0000-00-00 00:00:00', '0000-00-00 00:00:00', 0),
(157, 'test', '', 0, 0, '', '0000-00-00 00:00:00', '0000-00-00 00:00:00', 0),
(158, 'test', '', 0, 0, '', '0000-00-00 00:00:00', '0000-00-00 00:00:00', 0),
(159, 'test', '', 0, 0, '', '0000-00-00 00:00:00', '0000-00-00 00:00:00', 0),
(160, 'test', '', 0, 0, '', '0000-00-00 00:00:00', '0000-00-00 00:00:00', 0),
(161, 'test', '', 0, 0, '', '0000-00-00 00:00:00', '0000-00-00 00:00:00', 0),
(162, 'test', '', 0, 0, '', '0000-00-00 00:00:00', '0000-00-00 00:00:00', 0),
(163, 'test', '', 0, 0, '', '0000-00-00 00:00:00', '0000-00-00 00:00:00', 0),
(164, 'test', '', 0, 0, '', '0000-00-00 00:00:00', '0000-00-00 00:00:00', 0),
(165, 'test', '', 0, 0, '', '0000-00-00 00:00:00', '0000-00-00 00:00:00', 0),
(166, 'test', '', 0, 0, '', '0000-00-00 00:00:00', '0000-00-00 00:00:00', 0),
(167, 'test', '', 0, 0, '', '0000-00-00 00:00:00', '0000-00-00 00:00:00', 0),
(168, 'test', '', 0, 0, '', '0000-00-00 00:00:00', '0000-00-00 00:00:00', 0),
(169, 'test', '', 0, 0, '', '0000-00-00 00:00:00', '0000-00-00 00:00:00', 0),
(170, 'test', '', 0, 0, '', '0000-00-00 00:00:00', '0000-00-00 00:00:00', 0),
(171, 'test', '', 0, 0, '', '0000-00-00 00:00:00', '0000-00-00 00:00:00', 0),
(172, 'test', '', 0, 0, '', '0000-00-00 00:00:00', '0000-00-00 00:00:00', 0),
(173, 'test', '', 0, 0, '', '0000-00-00 00:00:00', '0000-00-00 00:00:00', 0);

-- --------------------------------------------------------

--
-- Cấu trúc bảng cho bảng `borrowing_card`
--

CREATE TABLE `borrowing_card` (
  `id` int(11) UNSIGNED NOT NULL,
  `card_id` varchar(50) NOT NULL,
  `reader_id` int(11) DEFAULT NULL,
  `returned_date` date DEFAULT NULL,
  `borrowed_date` datetime DEFAULT NULL,
  `created_at` datetime DEFAULT NULL,
  `updated_at` datetime DEFAULT NULL
) ENGINE=InnoDB DEFAULT CHARSET=utf8mb4;

--
-- Đang đổ dữ liệu cho bảng `borrowing_card`
--

INSERT INTO `borrowing_card` (`id`, `card_id`, `reader_id`, `returned_date`, `borrowed_date`, `created_at`, `updated_at`) VALUES
(20, 'BR-1613453417747', 30, '2021-02-16', '2021-02-16 12:30:17', '2021-02-16 12:30:17', '0000-00-00 00:00:00'),
(21, 'BR-1613453436630', 30, '2021-02-16', '2021-02-16 12:30:36', '2021-02-16 12:30:36', '0000-00-00 00:00:00'),
(22, 'BR-1613454879503', 30, '2021-02-16', '2021-02-16 12:54:39', '2021-02-16 12:54:39', '0000-00-00 00:00:00');

-- --------------------------------------------------------

--
-- Cấu trúc bảng cho bảng `borrowing_card_book`
--

CREATE TABLE `borrowing_card_book` (
  `id` int(11) UNSIGNED NOT NULL,
  `borrowing_card_id` varchar(50) DEFAULT NULL,
  `book_id` int(11) DEFAULT NULL,
  `created_at` date DEFAULT NULL,
  `updated_at` date DEFAULT NULL
) ENGINE=InnoDB DEFAULT CHARSET=utf8mb4;

--
-- Đang đổ dữ liệu cho bảng `borrowing_card_book`
--

INSERT INTO `borrowing_card_book` (`id`, `borrowing_card_id`, `book_id`, `created_at`, `updated_at`) VALUES
(25, 'BR-1613453417747', 4, '2021-02-16', '0000-00-00'),
(26, 'BR-1613453417747', 5, '2021-02-16', '0000-00-00'),
(27, 'BR-1613453436630', 4, '2021-02-16', '0000-00-00'),
(28, 'BR-1613454879503', 4, '2021-02-16', '0000-00-00'),
(29, 'BR-1613454879503', 5, '2021-02-16', '0000-00-00');

-- --------------------------------------------------------

--
-- Cấu trúc bảng cho bảng `category`
--

CREATE TABLE `category` (
  `id` int(11) UNSIGNED NOT NULL,
  `name` varchar(100) DEFAULT NULL,
  `created_at` datetime DEFAULT NULL,
  `updated_at` datetime DEFAULT NULL
) ENGINE=InnoDB DEFAULT CHARSET=utf8mb4;

--
-- Đang đổ dữ liệu cho bảng `category`
--

INSERT INTO `category` (`id`, `name`, `created_at`, `updated_at`) VALUES
(1, 'Giáo dục', '0000-00-00 00:00:00', '0000-00-00 00:00:00'),
(2, 'Sinh học', '0000-00-00 00:00:00', '0000-00-00 00:00:00'),
(3, 'Văn hóa', '0000-00-00 00:00:00', '0000-00-00 00:00:00'),
(4, 'Du lịch', '0000-00-00 00:00:00', '0000-00-00 00:00:00'),
(5, 'Truyện tranh', '0000-00-00 00:00:00', '0000-00-00 00:00:00'),
(6, 'Trinh thám', '0000-00-00 00:00:00', '0000-00-00 00:00:00'),
(7, 'Tôn giáo', '0000-00-00 00:00:00', '0000-00-00 00:00:00'),
(8, 'Lịch sử', '0000-00-00 00:00:00', '0000-00-00 00:00:00'),
(9, 'Khoa học', '0000-00-00 00:00:00', '0000-00-00 00:00:00'),
(10, 'Môi trường', '0000-00-00 00:00:00', '0000-00-00 00:00:00');

-- --------------------------------------------------------

--
-- Cấu trúc bảng cho bảng `reader_card`
--

CREATE TABLE `reader_card` (
  `id` int(11) UNSIGNED NOT NULL,
  `card_id` varchar(11) NOT NULL,
  `account_id` int(11) DEFAULT NULL,
  `created_date` datetime DEFAULT NULL,
  `expirated_date` datetime DEFAULT NULL
) ENGINE=InnoDB DEFAULT CHARSET=utf8mb4;

--
-- Đang đổ dữ liệu cho bảng `reader_card`
--

INSERT INTO `reader_card` (`id`, `card_id`, `account_id`, `created_date`, `expirated_date`) VALUES
(1, '', 30, '2021-02-16 12:57:05', '2022-02-16 12:57:05');

-- --------------------------------------------------------

--
-- Cấu trúc bảng cho bảng `returning_card`
--

CREATE TABLE `returning_card` (
  `id` int(11) UNSIGNED NOT NULL,
  `borrowing_card_id` varchar(50) DEFAULT NULL,
  `penalty_cost` float DEFAULT NULL,
  `returned_at` datetime DEFAULT NULL,
  `created_at` datetime DEFAULT NULL,
  `updated_at` datetime DEFAULT NULL
) ENGINE=InnoDB DEFAULT CHARSET=utf8mb4;

-- --------------------------------------------------------

--
-- Cấu trúc bảng cho bảng `role`
--

CREATE TABLE `role` (
  `id` int(11) NOT NULL,
  `Name` varchar(50) DEFAULT NULL,
  `created_at` date DEFAULT NULL,
  `updated_at` date DEFAULT NULL
) ENGINE=InnoDB DEFAULT CHARSET=utf8mb4;

--
-- Đang đổ dữ liệu cho bảng `role`
--

INSERT INTO `role` (`id`, `Name`, `created_at`, `updated_at`) VALUES
(1, 'User', '0000-00-00', '0000-00-00'),
(2, 'Admin', '0000-00-00', '0000-00-00'),
(3, 'Stocker', '0000-00-00', '0000-00-00'),
(4, 'Librarian', '0000-00-00', '0000-00-00'),
(5, 'Reader', '0000-00-00', '0000-00-00'),
(6, 'Awaiting for approval', '0000-00-00', '0000-00-00');

--
-- Chỉ mục cho các bảng đã đổ
--

--
-- Chỉ mục cho bảng `account`
--
ALTER TABLE `account`
  ADD PRIMARY KEY (`id`);

--
-- Chỉ mục cho bảng `book_title`
--
ALTER TABLE `book_title`
  ADD PRIMARY KEY (`id`);

--
-- Chỉ mục cho bảng `borrowing_card`
--
ALTER TABLE `borrowing_card`
  ADD PRIMARY KEY (`id`);

--
-- Chỉ mục cho bảng `borrowing_card_book`
--
ALTER TABLE `borrowing_card_book`
  ADD PRIMARY KEY (`id`);

--
-- Chỉ mục cho bảng `category`
--
ALTER TABLE `category`
  ADD PRIMARY KEY (`id`);

--
-- Chỉ mục cho bảng `reader_card`
--
ALTER TABLE `reader_card`
  ADD PRIMARY KEY (`id`);

--
-- Chỉ mục cho bảng `returning_card`
--
ALTER TABLE `returning_card`
  ADD PRIMARY KEY (`id`);

--
-- Chỉ mục cho bảng `role`
--
ALTER TABLE `role`
  ADD PRIMARY KEY (`id`);

--
-- AUTO_INCREMENT cho các bảng đã đổ
--

--
-- AUTO_INCREMENT cho bảng `account`
--
ALTER TABLE `account`
  MODIFY `id` int(11) UNSIGNED NOT NULL AUTO_INCREMENT, AUTO_INCREMENT=34;

--
-- AUTO_INCREMENT cho bảng `book_title`
--
ALTER TABLE `book_title`
  MODIFY `id` int(11) UNSIGNED NOT NULL AUTO_INCREMENT, AUTO_INCREMENT=174;

--
-- AUTO_INCREMENT cho bảng `borrowing_card`
--
ALTER TABLE `borrowing_card`
  MODIFY `id` int(11) UNSIGNED NOT NULL AUTO_INCREMENT, AUTO_INCREMENT=23;

--
-- AUTO_INCREMENT cho bảng `borrowing_card_book`
--
ALTER TABLE `borrowing_card_book`
  MODIFY `id` int(11) UNSIGNED NOT NULL AUTO_INCREMENT, AUTO_INCREMENT=30;

--
-- AUTO_INCREMENT cho bảng `category`
--
ALTER TABLE `category`
  MODIFY `id` int(11) UNSIGNED NOT NULL AUTO_INCREMENT, AUTO_INCREMENT=11;

--
-- AUTO_INCREMENT cho bảng `reader_card`
--
ALTER TABLE `reader_card`
  MODIFY `id` int(11) UNSIGNED NOT NULL AUTO_INCREMENT, AUTO_INCREMENT=2;

--
-- AUTO_INCREMENT cho bảng `returning_card`
--
ALTER TABLE `returning_card`
  MODIFY `id` int(11) UNSIGNED NOT NULL AUTO_INCREMENT;

--
-- AUTO_INCREMENT cho bảng `role`
--
ALTER TABLE `role`
  MODIFY `id` int(11) NOT NULL AUTO_INCREMENT, AUTO_INCREMENT=7;
COMMIT;

/*!40101 SET CHARACTER_SET_CLIENT=@OLD_CHARACTER_SET_CLIENT */;
/*!40101 SET CHARACTER_SET_RESULTS=@OLD_CHARACTER_SET_RESULTS */;
/*!40101 SET COLLATION_CONNECTION=@OLD_COLLATION_CONNECTION */;
