-- phpMyAdmin SQL Dump
-- version 5.0.3
-- https://www.phpmyadmin.net/
--
-- Máy chủ: 127.0.0.1
-- Thời gian đã tạo: Th1 23, 2021 lúc 03:17 PM
-- Phiên bản máy phục vụ: 10.4.14-MariaDB
-- Phiên bản PHP: 7.2.34

SET SQL_MODE = "NO_AUTO_VALUE_ON_ZERO";
START TRANSACTION;
SET time_zone = "+00:00";


/*!40101 SET @OLD_CHARACTER_SET_CLIENT=@@CHARACTER_SET_CLIENT */;
/*!40101 SET @OLD_CHARACTER_SET_RESULTS=@@CHARACTER_SET_RESULTS */;
/*!40101 SET @OLD_COLLATION_CONNECTION=@@COLLATION_CONNECTION */;
/*!40101 SET NAMES utf8mb4 */;

--
-- Cơ sở dữ liệu: `qltv`
--

-- --------------------------------------------------------

--
-- Cấu trúc bảng cho bảng `account`
--

CREATE TABLE `account` (
  `id` int(11) UNSIGNED NOT NULL,
  `username` varchar(50) DEFAULT NULL,
  `password` varchar(100) DEFAULT NULL,
  `name` varchar(50) DEFAULT NULL,
  `email` varchar(100) DEFAULT NULL,
  `phone` char(11) DEFAULT NULL,
  `role_id` int(11) DEFAULT NULL,
  `isBlock` int(11) NOT NULL,
  `created_at` datetime DEFAULT NULL,
  `updated_at` datetime DEFAULT NULL
) ENGINE=InnoDB DEFAULT CHARSET=utf8mb4;

--
-- Đang đổ dữ liệu cho bảng `account`
--

INSERT INTO `account` (`id`, `username`, `password`, `name`, `email`, `phone`, `role_id`, `isBlock`, `created_at`, `updated_at`) VALUES
(1, 'user1', '', '', '', '', 0, 0, '0000-00-00 00:00:00', '0000-00-00 00:00:00'),
(2, 'user2', '', '', '', '', 0, 0, '0000-00-00 00:00:00', '0000-00-00 00:00:00'),
(3, 'user3', '', '', '', '', 0, 0, '0000-00-00 00:00:00', '0000-00-00 00:00:00'),
(4, 'user4', '', '', '', '', 0, 0, '0000-00-00 00:00:00', '0000-00-00 00:00:00'),
(5, 'user5', '', '', '', '', 0, 0, '0000-00-00 00:00:00', '0000-00-00 00:00:00'),
(6, 'user6', '', '', '', '', 0, 0, '0000-00-00 00:00:00', '0000-00-00 00:00:00'),
(7, 'user7', '', '', '', '', 0, 0, '0000-00-00 00:00:00', '0000-00-00 00:00:00'),
(8, 'user8', '', '', '', '', 0, 0, '0000-00-00 00:00:00', '0000-00-00 00:00:00'),
(9, 'user9', '', '', '', '', 0, 0, '0000-00-00 00:00:00', '0000-00-00 00:00:00'),
(10, 'user10', '', '', '', '', 0, 0, '0000-00-00 00:00:00', '0000-00-00 00:00:00'),
(11, 'user11', '', '', '', '', 0, 0, '0000-00-00 00:00:00', '0000-00-00 00:00:00'),
(12, 'user12', '', '', '', '', 0, 0, '0000-00-00 00:00:00', '0000-00-00 00:00:00'),
(13, 'user13', '', '', '', '', 0, 0, '0000-00-00 00:00:00', '0000-00-00 00:00:00'),
(30, 'test', 'test', 'test', 'test', 'test', 1, 0, '2021-01-23 03:44:24', '0000-00-00 00:00:00'),
(33, 'test11111', 'test', 'test', 'test', 'test', 1, 0, '2021-01-23 04:15:49', '2021-01-23 04:15:49');

-- --------------------------------------------------------

--
-- Cấu trúc bảng cho bảng `book`
--

CREATE TABLE `book` (
  `id` int(11) UNSIGNED NOT NULL,
  `book_title_id` int(11) DEFAULT NULL,
  `status` int(11) DEFAULT NULL,
  `created_at` datetime DEFAULT NULL,
  `updated_at` datetime DEFAULT NULL
) ENGINE=InnoDB DEFAULT CHARSET=utf8mb4;

--
-- Đang đổ dữ liệu cho bảng `book`
--

INSERT INTO `book` (`id`, `book_title_id`, `status`, `created_at`, `updated_at`) VALUES
(1, 0, 0, '0000-00-00 00:00:00', '0000-00-00 00:00:00'),
(2, 2, 0, '0000-00-00 00:00:00', '0000-00-00 00:00:00'),
(3, 2, 0, '0000-00-00 00:00:00', '0000-00-00 00:00:00'),
(4, 3, 0, '0000-00-00 00:00:00', '0000-00-00 00:00:00'),
(5, 1, 0, '0000-00-00 00:00:00', '0000-00-00 00:00:00'),
(6, 5, 0, '0000-00-00 00:00:00', '0000-00-00 00:00:00'),
(7, 1, 0, '0000-00-00 00:00:00', '0000-00-00 00:00:00'),
(8, 7, 0, '0000-00-00 00:00:00', '0000-00-00 00:00:00'),
(9, 8, 0, '0000-00-00 00:00:00', '0000-00-00 00:00:00'),
(10, 3, 0, '0000-00-00 00:00:00', '0000-00-00 00:00:00'),
(11, 5, 0, '0000-00-00 00:00:00', '0000-00-00 00:00:00'),
(12, 4, 0, '0000-00-00 00:00:00', '0000-00-00 00:00:00'),
(13, 5, 0, '0000-00-00 00:00:00', '0000-00-00 00:00:00'),
(14, 6, 0, '0000-00-00 00:00:00', '0000-00-00 00:00:00'),
(15, 7, 0, '0000-00-00 00:00:00', '0000-00-00 00:00:00'),
(16, 1, 0, '0000-00-00 00:00:00', '0000-00-00 00:00:00'),
(17, 3, 0, '0000-00-00 00:00:00', '0000-00-00 00:00:00'),
(18, 8, 0, '0000-00-00 00:00:00', '0000-00-00 00:00:00'),
(19, 4, 0, '0000-00-00 00:00:00', '0000-00-00 00:00:00'),
(20, 5, 0, '0000-00-00 00:00:00', '0000-00-00 00:00:00'),
(21, 8, 0, '0000-00-00 00:00:00', '0000-00-00 00:00:00'),
(22, 4, 0, '0000-00-00 00:00:00', '0000-00-00 00:00:00'),
(23, 2, 0, '0000-00-00 00:00:00', '0000-00-00 00:00:00');

-- --------------------------------------------------------

--
-- Cấu trúc bảng cho bảng `book_status`
--

CREATE TABLE `book_status` (
  `id` int(11) UNSIGNED NOT NULL,
  `name` varchar(50) DEFAULT NULL,
  `created_at` date DEFAULT NULL,
  `updated_at` date DEFAULT NULL
) ENGINE=InnoDB DEFAULT CHARSET=utf8mb4;

--
-- Đang đổ dữ liệu cho bảng `book_status`
--

INSERT INTO `book_status` (`id`, `name`, `created_at`, `updated_at`) VALUES
(1, 'Available', '0000-00-00', '0000-00-00'),
(2, 'Unavailable', '0000-00-00', '0000-00-00');

-- --------------------------------------------------------

--
-- Cấu trúc bảng cho bảng `book_title`
--

CREATE TABLE `book_title` (
  `id` int(11) UNSIGNED NOT NULL,
  `name` varchar(200) DEFAULT NULL,
  `author` varchar(50) DEFAULT NULL,
  `quantity` int(11) DEFAULT NULL,
  `category_id` int(11) DEFAULT NULL,
  `description` text CHARACTER SET utf8 COLLATE utf8_unicode_ci NOT NULL,
  `created_at` datetime DEFAULT NULL,
  `updated_at` datetime DEFAULT NULL
) ENGINE=InnoDB DEFAULT CHARSET=utf8mb4;

--
-- Đang đổ dữ liệu cho bảng `book_title`
--

INSERT INTO `book_title` (`id`, `name`, `author`, `quantity`, `category_id`, `description`, `created_at`, `updated_at`) VALUES
(1, 'Title 1', 'Author A', 3, 1, 'Sách test 1', '0000-00-00 00:00:00', '0000-00-00 00:00:00'),
(2, 'Title 2', 'Author B', 3, 2, 'Sách test 2', '0000-00-00 00:00:00', '0000-00-00 00:00:00'),
(3, 'Title 3', 'Author C', 3, 3, 'Sách test 3', '0000-00-00 00:00:00', '0000-00-00 00:00:00'),
(4, 'Title 4', 'Author D', 3, 3, 'Sách test 4 ', '0000-00-00 00:00:00', '0000-00-00 00:00:00'),
(5, 'Title 5', 'Author E', 4, 5, 'Sách test 5', '0000-00-00 00:00:00', '0000-00-00 00:00:00'),
(6, 'Title 6', 'Author F', 1, 5, 'Sách test 6', '0000-00-00 00:00:00', '0000-00-00 00:00:00'),
(7, 'Title 7', 'Author G', 2, 7, 'Sách test 7 ', '0000-00-00 00:00:00', '0000-00-00 00:00:00'),
(8, 'Title 8', 'Author H', 3, 7, 'Sách test 8', '0000-00-00 00:00:00', '0000-00-00 00:00:00'),
(9, 'test', '', 0, 0, '', '0000-00-00 00:00:00', '0000-00-00 00:00:00'),
(10, 'test', '', 0, 0, '', '0000-00-00 00:00:00', '0000-00-00 00:00:00'),
(11, 'test', '', 0, 0, '', '0000-00-00 00:00:00', '0000-00-00 00:00:00'),
(12, 'test', '', 0, 0, '', '0000-00-00 00:00:00', '0000-00-00 00:00:00'),
(13, 'test', '', 0, 0, '', '0000-00-00 00:00:00', '0000-00-00 00:00:00'),
(14, 'test', '', 0, 0, '', '0000-00-00 00:00:00', '0000-00-00 00:00:00'),
(15, 'test', '', 0, 0, '', '0000-00-00 00:00:00', '0000-00-00 00:00:00'),
(16, 'test', '', 0, 0, '', '0000-00-00 00:00:00', '0000-00-00 00:00:00'),
(17, 'test', '', 0, 0, '', '0000-00-00 00:00:00', '0000-00-00 00:00:00'),
(18, 'test', '', 0, 0, '', '0000-00-00 00:00:00', '0000-00-00 00:00:00'),
(19, 'test', '', 0, 0, '', '0000-00-00 00:00:00', '0000-00-00 00:00:00'),
(20, 'test', '', 0, 0, '', '0000-00-00 00:00:00', '0000-00-00 00:00:00'),
(21, 'test', '', 0, 0, '', '0000-00-00 00:00:00', '0000-00-00 00:00:00'),
(22, 'test', '', 0, 0, '', '0000-00-00 00:00:00', '0000-00-00 00:00:00'),
(23, 'test', '', 0, 0, '', '0000-00-00 00:00:00', '0000-00-00 00:00:00'),
(24, 'test', '', 0, 0, '', '0000-00-00 00:00:00', '0000-00-00 00:00:00'),
(26, 'test', '', 0, 0, '', '0000-00-00 00:00:00', '0000-00-00 00:00:00'),
(27, 'test', '', 0, 0, '', '0000-00-00 00:00:00', '0000-00-00 00:00:00'),
(28, 'test', '', 0, 0, '', '0000-00-00 00:00:00', '0000-00-00 00:00:00'),
(29, 'test', '', 0, 0, '', '0000-00-00 00:00:00', '0000-00-00 00:00:00'),
(30, 'test', '', 0, 0, '', '0000-00-00 00:00:00', '0000-00-00 00:00:00'),
(31, 'test', '', 0, 0, '', '0000-00-00 00:00:00', '0000-00-00 00:00:00'),
(32, 'test', '', 0, 0, '', '0000-00-00 00:00:00', '0000-00-00 00:00:00'),
(33, 'test', '', 0, 0, '', '0000-00-00 00:00:00', '0000-00-00 00:00:00'),
(34, 'test', '', 0, 0, '', '0000-00-00 00:00:00', '0000-00-00 00:00:00'),
(35, 'test', '', 0, 0, '', '0000-00-00 00:00:00', '0000-00-00 00:00:00'),
(36, 'test', '', 0, 0, '', '0000-00-00 00:00:00', '0000-00-00 00:00:00'),
(37, 'test', '', 0, 0, '', '0000-00-00 00:00:00', '0000-00-00 00:00:00'),
(38, 'test', '', 0, 0, '', '0000-00-00 00:00:00', '0000-00-00 00:00:00'),
(39, 'test', '', 0, 0, '', '0000-00-00 00:00:00', '0000-00-00 00:00:00'),
(40, 'test', '', 0, 0, '', '0000-00-00 00:00:00', '0000-00-00 00:00:00'),
(41, 'test', '', 0, 0, '', '0000-00-00 00:00:00', '0000-00-00 00:00:00'),
(42, 'test', '', 0, 0, '', '0000-00-00 00:00:00', '0000-00-00 00:00:00'),
(43, 'test', '', 0, 0, '', '0000-00-00 00:00:00', '0000-00-00 00:00:00'),
(44, 'test', '', 0, 0, '', '0000-00-00 00:00:00', '0000-00-00 00:00:00'),
(45, 'test', '', 0, 0, '', '0000-00-00 00:00:00', '0000-00-00 00:00:00'),
(46, 'test', '', 0, 0, '', '0000-00-00 00:00:00', '0000-00-00 00:00:00'),
(47, 'test', '', 0, 0, '', '0000-00-00 00:00:00', '0000-00-00 00:00:00'),
(48, 'test', '', 0, 0, '', '0000-00-00 00:00:00', '0000-00-00 00:00:00'),
(49, 'test', '', 0, 0, '', '0000-00-00 00:00:00', '0000-00-00 00:00:00'),
(50, 'test', '', 0, 0, '', '0000-00-00 00:00:00', '0000-00-00 00:00:00'),
(51, 'test', '', 0, 0, '', '0000-00-00 00:00:00', '0000-00-00 00:00:00'),
(52, 'test', '', 0, 0, '', '0000-00-00 00:00:00', '0000-00-00 00:00:00'),
(53, 'test', '', 0, 0, '', '0000-00-00 00:00:00', '0000-00-00 00:00:00'),
(54, 'test', '', 0, 0, '', '0000-00-00 00:00:00', '0000-00-00 00:00:00'),
(55, 'test', '', 0, 0, '', '0000-00-00 00:00:00', '0000-00-00 00:00:00'),
(56, 'test', '', 0, 0, '', '0000-00-00 00:00:00', '0000-00-00 00:00:00'),
(57, 'test', '', 0, 0, '', '0000-00-00 00:00:00', '0000-00-00 00:00:00'),
(58, 'test', '', 0, 0, '', '0000-00-00 00:00:00', '0000-00-00 00:00:00'),
(59, 'test', '', 0, 0, '', '0000-00-00 00:00:00', '0000-00-00 00:00:00'),
(60, 'test', '', 0, 0, '', '0000-00-00 00:00:00', '0000-00-00 00:00:00'),
(61, 'test', '', 0, 0, '', '0000-00-00 00:00:00', '0000-00-00 00:00:00'),
(62, 'test', '', 0, 0, '', '0000-00-00 00:00:00', '0000-00-00 00:00:00'),
(63, 'test', '', 0, 0, '', '0000-00-00 00:00:00', '0000-00-00 00:00:00'),
(64, 'test', '', 0, 0, '', '0000-00-00 00:00:00', '0000-00-00 00:00:00'),
(65, 'test', '', 0, 0, '', '0000-00-00 00:00:00', '0000-00-00 00:00:00'),
(66, 'test', '', 0, 0, '', '0000-00-00 00:00:00', '0000-00-00 00:00:00'),
(67, 'test', '', 0, 0, '', '0000-00-00 00:00:00', '0000-00-00 00:00:00'),
(68, 'test', '', 0, 0, '', '0000-00-00 00:00:00', '0000-00-00 00:00:00'),
(69, 'test', '', 0, 0, '', '0000-00-00 00:00:00', '0000-00-00 00:00:00'),
(70, 'test', '', 0, 0, '', '0000-00-00 00:00:00', '0000-00-00 00:00:00'),
(71, 'test', '', 0, 0, '', '0000-00-00 00:00:00', '0000-00-00 00:00:00'),
(72, 'test', '', 0, 0, '', '0000-00-00 00:00:00', '0000-00-00 00:00:00'),
(73, 'test', '', 0, 0, '', '0000-00-00 00:00:00', '0000-00-00 00:00:00'),
(74, 'test', '', 0, 0, '', '0000-00-00 00:00:00', '0000-00-00 00:00:00'),
(75, 'test', '', 0, 0, '', '0000-00-00 00:00:00', '0000-00-00 00:00:00'),
(76, 'test', '', 0, 0, '', '0000-00-00 00:00:00', '0000-00-00 00:00:00'),
(77, 'test', '', 0, 0, '', '0000-00-00 00:00:00', '0000-00-00 00:00:00'),
(78, 'test', '', 0, 0, '', '0000-00-00 00:00:00', '0000-00-00 00:00:00'),
(79, 'test', '', 0, 0, '', '0000-00-00 00:00:00', '0000-00-00 00:00:00'),
(80, 'test', '', 0, 0, '', '0000-00-00 00:00:00', '0000-00-00 00:00:00'),
(81, 'test', '', 0, 0, '', '0000-00-00 00:00:00', '0000-00-00 00:00:00'),
(82, 'test', '', 0, 0, '', '0000-00-00 00:00:00', '0000-00-00 00:00:00'),
(83, 'test', '', 0, 0, '', '0000-00-00 00:00:00', '0000-00-00 00:00:00'),
(84, 'test', '', 0, 0, '', '0000-00-00 00:00:00', '0000-00-00 00:00:00'),
(85, 'test', '', 0, 0, '', '0000-00-00 00:00:00', '0000-00-00 00:00:00'),
(86, 'test', '', 0, 0, '', '0000-00-00 00:00:00', '0000-00-00 00:00:00'),
(87, 'test', '', 0, 0, '', '0000-00-00 00:00:00', '0000-00-00 00:00:00'),
(88, 'test', '', 0, 0, '', '0000-00-00 00:00:00', '0000-00-00 00:00:00'),
(89, 'test', '', 0, 0, '', '0000-00-00 00:00:00', '0000-00-00 00:00:00'),
(90, 'test', '', 0, 0, '', '0000-00-00 00:00:00', '0000-00-00 00:00:00'),
(91, 'test', '', 0, 0, '', '0000-00-00 00:00:00', '0000-00-00 00:00:00'),
(92, 'test', '', 0, 0, '', '0000-00-00 00:00:00', '0000-00-00 00:00:00'),
(93, 'test', '', 0, 0, '', '0000-00-00 00:00:00', '0000-00-00 00:00:00'),
(94, 'test', '', 0, 0, '', '0000-00-00 00:00:00', '0000-00-00 00:00:00'),
(95, 'test', '', 0, 0, '', '0000-00-00 00:00:00', '0000-00-00 00:00:00'),
(96, 'test', '', 0, 0, '', '0000-00-00 00:00:00', '0000-00-00 00:00:00'),
(97, 'test', '', 0, 0, '', '0000-00-00 00:00:00', '0000-00-00 00:00:00'),
(98, 'test', '', 0, 0, '', '0000-00-00 00:00:00', '0000-00-00 00:00:00'),
(99, 'test', '', 0, 0, '', '0000-00-00 00:00:00', '0000-00-00 00:00:00'),
(100, 'test', '', 0, 0, '', '0000-00-00 00:00:00', '0000-00-00 00:00:00'),
(101, 'test', '', 0, 0, '', '0000-00-00 00:00:00', '0000-00-00 00:00:00'),
(102, 'test', '', 0, 0, '', '0000-00-00 00:00:00', '0000-00-00 00:00:00'),
(103, 'test', '', 0, 0, '', '0000-00-00 00:00:00', '0000-00-00 00:00:00'),
(104, 'test', '', 0, 0, '', '0000-00-00 00:00:00', '0000-00-00 00:00:00'),
(105, 'test', '', 0, 0, '', '0000-00-00 00:00:00', '0000-00-00 00:00:00'),
(106, 'test', '', 0, 0, '', '0000-00-00 00:00:00', '0000-00-00 00:00:00'),
(107, 'test', '', 0, 0, '', '0000-00-00 00:00:00', '0000-00-00 00:00:00'),
(108, 'test', '', 0, 0, '', '0000-00-00 00:00:00', '0000-00-00 00:00:00'),
(109, 'test', '', 0, 0, '', '0000-00-00 00:00:00', '0000-00-00 00:00:00'),
(110, 'test', '', 0, 0, '', '0000-00-00 00:00:00', '0000-00-00 00:00:00'),
(111, 'test', '', 0, 0, '', '0000-00-00 00:00:00', '0000-00-00 00:00:00'),
(112, 'test', '', 0, 0, '', '0000-00-00 00:00:00', '0000-00-00 00:00:00'),
(113, 'test', '', 0, 0, '', '0000-00-00 00:00:00', '0000-00-00 00:00:00'),
(114, 'test', '', 0, 0, '', '0000-00-00 00:00:00', '0000-00-00 00:00:00'),
(115, 'test', '', 0, 0, '', '0000-00-00 00:00:00', '0000-00-00 00:00:00'),
(116, 'test', '', 0, 0, '', '0000-00-00 00:00:00', '0000-00-00 00:00:00'),
(117, 'test', '', 0, 0, '', '0000-00-00 00:00:00', '0000-00-00 00:00:00'),
(118, 'test', '', 0, 0, '', '0000-00-00 00:00:00', '0000-00-00 00:00:00'),
(119, 'test', '', 0, 0, '', '0000-00-00 00:00:00', '0000-00-00 00:00:00'),
(120, 'test', '', 0, 0, '', '0000-00-00 00:00:00', '0000-00-00 00:00:00'),
(121, 'test', '', 0, 0, '', '0000-00-00 00:00:00', '0000-00-00 00:00:00'),
(122, 'test', '', 0, 0, '', '0000-00-00 00:00:00', '0000-00-00 00:00:00'),
(123, 'test', '', 0, 0, '', '0000-00-00 00:00:00', '0000-00-00 00:00:00'),
(124, 'test', '', 0, 0, '', '0000-00-00 00:00:00', '0000-00-00 00:00:00'),
(125, 'test', '', 0, 0, '', '0000-00-00 00:00:00', '0000-00-00 00:00:00'),
(126, 'test', '', 0, 0, '', '0000-00-00 00:00:00', '0000-00-00 00:00:00'),
(127, 'test', '', 0, 0, '', '0000-00-00 00:00:00', '0000-00-00 00:00:00'),
(128, 'test', '', 0, 0, '', '0000-00-00 00:00:00', '0000-00-00 00:00:00'),
(129, 'test', '', 0, 0, '', '0000-00-00 00:00:00', '0000-00-00 00:00:00'),
(130, 'test', '', 0, 0, '', '0000-00-00 00:00:00', '0000-00-00 00:00:00'),
(131, 'test', '', 0, 0, '', '0000-00-00 00:00:00', '0000-00-00 00:00:00'),
(132, 'test', '', 0, 0, '', '0000-00-00 00:00:00', '0000-00-00 00:00:00'),
(133, 'test', '', 0, 0, '', '0000-00-00 00:00:00', '0000-00-00 00:00:00'),
(134, 'test', '', 0, 0, '', '0000-00-00 00:00:00', '0000-00-00 00:00:00'),
(135, 'test', '', 0, 0, '', '0000-00-00 00:00:00', '0000-00-00 00:00:00'),
(136, 'test', '', 0, 0, '', '0000-00-00 00:00:00', '0000-00-00 00:00:00'),
(137, 'test', '', 0, 0, '', '0000-00-00 00:00:00', '0000-00-00 00:00:00'),
(138, 'test', '', 0, 0, '', '0000-00-00 00:00:00', '0000-00-00 00:00:00'),
(139, 'test', '', 0, 0, '', '0000-00-00 00:00:00', '0000-00-00 00:00:00'),
(140, 'test', '', 0, 0, '', '0000-00-00 00:00:00', '0000-00-00 00:00:00'),
(141, 'test', '', 0, 0, '', '0000-00-00 00:00:00', '0000-00-00 00:00:00'),
(142, 'test', '', 0, 0, '', '0000-00-00 00:00:00', '0000-00-00 00:00:00'),
(143, 'test', '', 0, 0, '', '0000-00-00 00:00:00', '0000-00-00 00:00:00'),
(144, 'test', '', 0, 0, '', '0000-00-00 00:00:00', '0000-00-00 00:00:00'),
(145, 'test', '', 0, 0, '', '0000-00-00 00:00:00', '0000-00-00 00:00:00'),
(146, 'test', '', 0, 0, '', '0000-00-00 00:00:00', '0000-00-00 00:00:00'),
(147, 'test', '', 0, 0, '', '0000-00-00 00:00:00', '0000-00-00 00:00:00'),
(148, 'test', '', 0, 0, '', '0000-00-00 00:00:00', '0000-00-00 00:00:00'),
(149, 'test', '', 0, 0, '', '0000-00-00 00:00:00', '0000-00-00 00:00:00'),
(150, 'test', '', 0, 0, '', '0000-00-00 00:00:00', '0000-00-00 00:00:00'),
(151, 'test', '', 0, 0, '', '0000-00-00 00:00:00', '0000-00-00 00:00:00'),
(152, 'test', '', 0, 0, '', '0000-00-00 00:00:00', '0000-00-00 00:00:00'),
(153, 'test', '', 0, 0, '', '0000-00-00 00:00:00', '0000-00-00 00:00:00'),
(154, 'test', '', 0, 0, '', '0000-00-00 00:00:00', '0000-00-00 00:00:00'),
(155, 'test', '', 0, 0, '', '0000-00-00 00:00:00', '0000-00-00 00:00:00'),
(156, 'test', '', 0, 0, '', '0000-00-00 00:00:00', '0000-00-00 00:00:00'),
(157, 'test', '', 0, 0, '', '0000-00-00 00:00:00', '0000-00-00 00:00:00'),
(158, 'test', '', 0, 0, '', '0000-00-00 00:00:00', '0000-00-00 00:00:00'),
(159, 'test', '', 0, 0, '', '0000-00-00 00:00:00', '0000-00-00 00:00:00'),
(160, 'test', '', 0, 0, '', '0000-00-00 00:00:00', '0000-00-00 00:00:00'),
(161, 'test', '', 0, 0, '', '0000-00-00 00:00:00', '0000-00-00 00:00:00'),
(162, 'test', '', 0, 0, '', '0000-00-00 00:00:00', '0000-00-00 00:00:00'),
(163, 'test', '', 0, 0, '', '0000-00-00 00:00:00', '0000-00-00 00:00:00'),
(164, 'test', '', 0, 0, '', '0000-00-00 00:00:00', '0000-00-00 00:00:00'),
(165, 'test', '', 0, 0, '', '0000-00-00 00:00:00', '0000-00-00 00:00:00'),
(166, 'test', '', 0, 0, '', '0000-00-00 00:00:00', '0000-00-00 00:00:00'),
(167, 'test', '', 0, 0, '', '0000-00-00 00:00:00', '0000-00-00 00:00:00'),
(168, 'test', '', 0, 0, '', '0000-00-00 00:00:00', '0000-00-00 00:00:00'),
(169, 'test', '', 0, 0, '', '0000-00-00 00:00:00', '0000-00-00 00:00:00'),
(170, 'test', '', 0, 0, '', '0000-00-00 00:00:00', '0000-00-00 00:00:00'),
(171, 'test', '', 0, 0, '', '0000-00-00 00:00:00', '0000-00-00 00:00:00'),
(172, 'test', '', 0, 0, '', '0000-00-00 00:00:00', '0000-00-00 00:00:00'),
(173, 'test', '', 0, 0, '', '0000-00-00 00:00:00', '0000-00-00 00:00:00');

-- --------------------------------------------------------

--
-- Cấu trúc bảng cho bảng `borrowing_card`
--

CREATE TABLE `borrowing_card` (
  `id` int(11) UNSIGNED NOT NULL,
  `card_id` varchar(20) NOT NULL,
  `reader_id` int(11) DEFAULT NULL,
  `returned_date` date DEFAULT NULL,
  `borrowed_date` datetime DEFAULT NULL,
  `created_at` datetime DEFAULT NULL,
  `updated_at` datetime DEFAULT NULL
) ENGINE=InnoDB DEFAULT CHARSET=utf8mb4;

-- --------------------------------------------------------

--
-- Cấu trúc bảng cho bảng `borrowing_card_book`
--

CREATE TABLE `borrowing_card_book` (
  `id` int(11) UNSIGNED NOT NULL,
  `borrowing_card_id` int(11) DEFAULT NULL,
  `book_id` int(11) DEFAULT NULL,
  `created_at` date DEFAULT NULL,
  `updated_at` date DEFAULT NULL
) ENGINE=InnoDB DEFAULT CHARSET=utf8mb4;

-- --------------------------------------------------------

--
-- Cấu trúc bảng cho bảng `category`
--

CREATE TABLE `category` (
  `id` int(11) UNSIGNED NOT NULL,
  `name` varchar(100) DEFAULT NULL,
  `created_at` datetime DEFAULT NULL,
  `updated_at` datetime DEFAULT NULL
) ENGINE=InnoDB DEFAULT CHARSET=utf8mb4;

--
-- Đang đổ dữ liệu cho bảng `category`
--

INSERT INTO `category` (`id`, `name`, `created_at`, `updated_at`) VALUES
(1, 'Giáo dục', '0000-00-00 00:00:00', '0000-00-00 00:00:00'),
(2, 'Sinh học', '0000-00-00 00:00:00', '0000-00-00 00:00:00'),
(3, 'Văn hóa', '0000-00-00 00:00:00', '0000-00-00 00:00:00'),
(4, 'Du lịch', '0000-00-00 00:00:00', '0000-00-00 00:00:00'),
(5, 'Truyện tranh', '0000-00-00 00:00:00', '0000-00-00 00:00:00'),
(6, 'Trinh thám', '0000-00-00 00:00:00', '0000-00-00 00:00:00'),
(7, 'Tôn giáo', '0000-00-00 00:00:00', '0000-00-00 00:00:00'),
(8, 'Lịch sử', '0000-00-00 00:00:00', '0000-00-00 00:00:00'),
(9, 'Khoa học', '0000-00-00 00:00:00', '0000-00-00 00:00:00'),
(10, 'Môi trường', '0000-00-00 00:00:00', '0000-00-00 00:00:00');

-- --------------------------------------------------------

--
-- Cấu trúc bảng cho bảng `ordering_card`
--

CREATE TABLE `ordering_card` (
  `id` int(11) UNSIGNED NOT NULL,
  `card_id` varchar(11) DEFAULT NULL,
  `totalcost` float NOT NULL,
  `created_at` datetime DEFAULT NULL,
  `updated_at` datetime DEFAULT NULL
) ENGINE=InnoDB DEFAULT CHARSET=utf8mb4;

-- --------------------------------------------------------

--
-- Cấu trúc bảng cho bảng `ordering_card_book`
--

CREATE TABLE `ordering_card_book` (
  `id` int(11) UNSIGNED NOT NULL,
  `borrowing_card_id` int(11) DEFAULT NULL,
  `book_title_id` int(11) DEFAULT NULL,
  `cost` float NOT NULL,
  `created_at` datetime DEFAULT NULL,
  `updated_at` datetime DEFAULT NULL
) ENGINE=InnoDB DEFAULT CHARSET=utf8mb4;

-- --------------------------------------------------------

--
-- Cấu trúc bảng cho bảng `reader_card`
--

CREATE TABLE `reader_card` (
  `id` int(11) UNSIGNED NOT NULL,
  `card_id` varchar(20) DEFAULT NULL,
  `identity_number` varchar(50) DEFAULT NULL,
  `account_id` int(11) DEFAULT NULL,
  `created_date` datetime DEFAULT NULL,
  `expirated_date` datetime DEFAULT NULL,
  `created_at` datetime DEFAULT NULL,
  `updated_at` datetime DEFAULT NULL
) ENGINE=InnoDB DEFAULT CHARSET=utf8mb4;

-- --------------------------------------------------------

--
-- Cấu trúc bảng cho bảng `returning_card`
--

CREATE TABLE `returning_card` (
  `id` int(11) UNSIGNED NOT NULL,
  `borrowing_card_id` int(11) DEFAULT NULL,
  `penalty_cost` float DEFAULT NULL,
  `returned_at` datetime DEFAULT NULL,
  `created_at` datetime DEFAULT NULL,
  `updated_at` datetime DEFAULT NULL
) ENGINE=InnoDB DEFAULT CHARSET=utf8mb4;

-- --------------------------------------------------------

--
-- Cấu trúc bảng cho bảng `role`
--

CREATE TABLE `role` (
  `id` int(11) NOT NULL,
  `Name` varchar(50) DEFAULT NULL,
  `created_at` date DEFAULT NULL,
  `updated_at` date DEFAULT NULL
) ENGINE=InnoDB DEFAULT CHARSET=utf8mb4;

--
-- Đang đổ dữ liệu cho bảng `role`
--

INSERT INTO `role` (`id`, `Name`, `created_at`, `updated_at`) VALUES
(1, 'User', '0000-00-00', '0000-00-00'),
(2, 'Admin', '0000-00-00', '0000-00-00'),
(3, 'Stocker', '0000-00-00', '0000-00-00'),
(4, 'Librarian', '0000-00-00', '0000-00-00'),
(5, 'Reader', '0000-00-00', '0000-00-00'),
(6, 'Awaiting for approval', '0000-00-00', '0000-00-00');

--
-- Chỉ mục cho các bảng đã đổ
--

--
-- Chỉ mục cho bảng `account`
--
ALTER TABLE `account`
  ADD PRIMARY KEY (`id`);

--
-- Chỉ mục cho bảng `book`
--
ALTER TABLE `book`
  ADD PRIMARY KEY (`id`);

--
-- Chỉ mục cho bảng `book_status`
--
ALTER TABLE `book_status`
  ADD PRIMARY KEY (`id`);

--
-- Chỉ mục cho bảng `book_title`
--
ALTER TABLE `book_title`
  ADD PRIMARY KEY (`id`);

--
-- Chỉ mục cho bảng `borrowing_card`
--
ALTER TABLE `borrowing_card`
  ADD PRIMARY KEY (`id`);

--
-- Chỉ mục cho bảng `borrowing_card_book`
--
ALTER TABLE `borrowing_card_book`
  ADD PRIMARY KEY (`id`);

--
-- Chỉ mục cho bảng `category`
--
ALTER TABLE `category`
  ADD PRIMARY KEY (`id`);

--
-- Chỉ mục cho bảng `reader_card`
--
ALTER TABLE `reader_card`
  ADD PRIMARY KEY (`id`);

--
-- Chỉ mục cho bảng `returning_card`
--
ALTER TABLE `returning_card`
  ADD PRIMARY KEY (`id`);

--
-- Chỉ mục cho bảng `role`
--
ALTER TABLE `role`
  ADD PRIMARY KEY (`id`);

--
-- AUTO_INCREMENT cho các bảng đã đổ
--

--
-- AUTO_INCREMENT cho bảng `account`
--
ALTER TABLE `account`
  MODIFY `id` int(11) UNSIGNED NOT NULL AUTO_INCREMENT, AUTO_INCREMENT=34;

--
-- AUTO_INCREMENT cho bảng `book`
--
ALTER TABLE `book`
  MODIFY `id` int(11) UNSIGNED NOT NULL AUTO_INCREMENT, AUTO_INCREMENT=24;

--
-- AUTO_INCREMENT cho bảng `book_status`
--
ALTER TABLE `book_status`
  MODIFY `id` int(11) UNSIGNED NOT NULL AUTO_INCREMENT, AUTO_INCREMENT=3;

--
-- AUTO_INCREMENT cho bảng `book_title`
--
ALTER TABLE `book_title`
  MODIFY `id` int(11) UNSIGNED NOT NULL AUTO_INCREMENT, AUTO_INCREMENT=174;

--
-- AUTO_INCREMENT cho bảng `borrowing_card`
--
ALTER TABLE `borrowing_card`
  MODIFY `id` int(11) UNSIGNED NOT NULL AUTO_INCREMENT;

--
-- AUTO_INCREMENT cho bảng `borrowing_card_book`
--
ALTER TABLE `borrowing_card_book`
  MODIFY `id` int(11) UNSIGNED NOT NULL AUTO_INCREMENT;

--
-- AUTO_INCREMENT cho bảng `category`
--
ALTER TABLE `category`
  MODIFY `id` int(11) UNSIGNED NOT NULL AUTO_INCREMENT, AUTO_INCREMENT=11;

--
-- AUTO_INCREMENT cho bảng `reader_card`
--
ALTER TABLE `reader_card`
  MODIFY `id` int(11) UNSIGNED NOT NULL AUTO_INCREMENT;

--
-- AUTO_INCREMENT cho bảng `returning_card`
--
ALTER TABLE `returning_card`
  MODIFY `id` int(11) UNSIGNED NOT NULL AUTO_INCREMENT;

--
-- AUTO_INCREMENT cho bảng `role`
--
ALTER TABLE `role`
  MODIFY `id` int(11) NOT NULL AUTO_INCREMENT, AUTO_INCREMENT=7;
COMMIT;

/*!40101 SET CHARACTER_SET_CLIENT=@OLD_CHARACTER_SET_CLIENT */;
/*!40101 SET CHARACTER_SET_RESULTS=@OLD_CHARACTER_SET_RESULTS */;
/*!40101 SET COLLATION_CONNECTION=@OLD_COLLATION_CONNECTION */;
